Nama,Email,Jenis Kelamin,Uang,Pekerjaan
Jana,jherrero0@dailymotion.com,Bigender,$4.59 ,Technology
Ario,awalder1@blogs.com,Male,$3.69 ,n/a
Munroe,mglading2@sitemeter.com,Genderfluid,$5.53 ,n/a
Martguerita,mashurst3@ning.com,Female,$3.04 ,Capital Goods
Kelci,ktomney4@sphinn.com,Female,$9.22 ,Consumer Services
Alika,akinney5@woothemes.com,Female,$4.18 ,n/a
Antons,awindham6@smh.com.au,Polygender,$0.78 ,Capital Goods
Trenna,tcrowcum7@google.it,Female,$4.60 ,n/a
Frayda,fsinton8@arizona.edu,Female,$8.99 ,Finance
Arvie,aprate9@google.com.br,Male,$2.66 ,Finance
Bellina,battiwilla@bbb.org,Female,$0.27 ,Basic Industries
Alexio,ametterickeb@shutterfly.com,Bigender,$1.23 ,Capital Goods
Julianna,jkaszperc@seattletimes.com,Female,$8.32 ,Health Care
Noble,nmerryfieldd@reddit.com,Male,$0.11 ,n/a
Klemens,kgiovannillie@answers.com,Male,$9.99 ,n/a
Stella,scattermoulf@behance.net,Polygender,$3.39 ,Health Care
Celeste,cklawig@dot.gov,Female,$2.50 ,n/a
Heida,hlesarrh@sourceforge.net,Genderqueer,$7.44 ,Miscellaneous
Selene,scamellii@github.io,Female,$1.35 ,Consumer Non-Durables
Susana,sjulienj@w3.org,Female,$4.42 ,Health Care
Noami,ngreavek@php.net,Female,$7.97 ,Finance
Lars,lcobbl@yolasite.com,Male,$0.28 ,n/a
Shalna,sloundm@odnoklassniki.ru,Female,$2.55 ,Health Care
Anett,ashirrelln@salon.com,Female,$0.04 ,Health Care
Bryana,bbrislano@vistaprint.com,Female,$1.46 ,Finance
Natalie,nflahivep@discuz.net,Female,$5.01 ,Finance
Frederigo,fmarienq@seattletimes.com,Male,$9.04 ,Health Care
Gisele,gribchesterr@gravatar.com,Female,$8.17 ,n/a
Brittan,bcustances@ehow.com,Female,$8.72 ,Consumer Services
Byron,beccleshallt@google.co.jp,Male,$6.72 ,Consumer Services
Agace,anaryu@rambler.ru,Female,$7.75 ,Health Care
Diarmid,dritsonv@bloglovin.com,Male,$6.56 ,n/a
Englebert,eglanfieldw@addthis.com,Male,$3.10 ,Consumer Services
Benton,bsturdgessx@redcross.org,Genderfluid,$6.86 ,Finance
Duffie,dothamy@paginegialle.it,Male,$4.28 ,Finance
Myrna,myaninz@about.me,Female,$8.59 ,Consumer Services
Elna,edossett10@cbsnews.com,Bigender,$9.90 ,Consumer Durables
Sumner,slayfield11@barnesandnoble.com,Male,$5.04 ,n/a
Garwin,gmyhan12@ask.com,Male,$2.53 ,Technology
Sydelle,sclowsley13@deliciousdays.com,Female,$4.29 ,n/a
Troy,tgunningham14@ask.com,Male,$0.10 ,Capital Goods
Brenden,bconyard15@a8.net,Male,$6.76 ,Public Utilities
Robyn,rgrier16@house.gov,Female,$6.67 ,Finance
Georgy,gclemson17@exblog.jp,Male,$5.92 ,Technology
Emelyne,esmitherman18@nyu.edu,Female,$2.42 ,Finance
Sarena,sbrettelle19@nytimes.com,Female,$2.66 ,Basic Industries
Bradney,bhallan1a@samsung.com,Male,$2.99 ,n/a
Cortney,cgarrand1b@technorati.com,Female,$7.67 ,Finance
Kerstin,klaurie1c@skype.com,Female,$4.28 ,n/a
Job,jmerington1d@nba.com,Male,$0.30 ,Technology
Tobias,tpinnocke1e@arizona.edu,Male,$5.51 ,Capital Goods
Charisse,cadnam1f@diigo.com,Female,$9.45 ,Public Utilities
Huntlee,hangell1g@altervista.org,Male,$2.54 ,Finance
Roby,rtrevear1h@bloglovin.com,Female,$4.38 ,Finance
Janelle,jsnel1i@goo.ne.jp,Female,$2.08 ,n/a
Eyde,eadamthwaite1j@hc360.com,Female,$8.99 ,Consumer Services
Saxe,sixor1k@blogspot.com,Male,$5.76 ,Public Utilities
Elvina,ehale1l@liveinternet.ru,Female,$7.44 ,Health Care
Garner,glaye1m@webnode.com,Male,$3.75 ,Transportation
Nani,nrenad1n@hp.com,Female,$9.22 ,Capital Goods
Bobbi,blilley1o@etsy.com,Female,$3.20 ,Technology
Marcelle,mlacaze1p@jiathis.com,Female,$0.78 ,Consumer Services
Grantley,gsulter1q@sciencedirect.com,Male,$0.65 ,n/a
Fleurette,fbendik1r@ucla.edu,Female,$7.24 ,n/a
Geri,gcruddas1s@businessweek.com,Male,$1.99 ,Technology
Alec,aklasing1t@cam.ac.uk,Male,$6.96 ,Health Care
Maighdiln,mbellord1u@odnoklassniki.ru,Female,$6.37 ,n/a
Dehlia,dbownas1v@skype.com,Female,$8.82 ,n/a
Killie,kslocomb1w@bluehost.com,Male,$5.64 ,Energy
Janos,jivatt1x@joomla.org,Male,$8.84 ,n/a
Cathie,cdict1y@yahoo.com,Female,$4.98 ,Consumer Non-Durables
Hyatt,hheaffey1z@meetup.com,Male,$5.61 ,Finance
Silvia,sfulleylove20@cdc.gov,Female,$6.41 ,Finance
Gilberta,goshiels21@vkontakte.ru,Female,$9.91 ,Capital Goods
Connor,csammon22@google.es,Male,$0.17 ,Consumer Services
Freida,froistone23@ebay.co.uk,Female,$9.87 ,n/a
Fionnula,fkynvin24@lycos.com,Female,$5.52 ,n/a
Jeremias,jmahedy25@lycos.com,Male,$9.61 ,Energy
Hermy,hdobrovolny26@sogou.com,Male,$6.12 ,Technology
Xever,xlepruvost27@go.com,Male,$8.68 ,Capital Goods
Baron,bcamerello28@smugmug.com,Male,$3.83 ,Finance
Wake,wgarratty29@ucoz.ru,Male,$9.95 ,Finance
Lissi,lcongreve2a@indiegogo.com,Female,$1.80 ,Finance
Enrika,epactat2b@xinhuanet.com,Female,$6.76 ,Miscellaneous
Kendra,kpaternoster2c@newsvine.com,Female,$7.14 ,Health Care
Deck,dmaffeo2d@1und1.de,Male,$6.30 ,Finance
Josi,jcheng2e@yelp.com,Genderqueer,$5.15 ,Consumer Services
Westley,wsiemianowicz2f@phoca.cz,Male,$1.20 ,Technology
Philly,phowel2g@soundcloud.com,Female,$2.90 ,Technology
Darren,doldford2h@etsy.com,Male,$8.89 ,Finance
Brian,bpessold2i@cisco.com,Male,$4.52 ,Miscellaneous
Benjie,balcock2j@fda.gov,Male,$4.45 ,n/a
Danielle,dharle2k@ca.gov,Female,$1.00 ,Miscellaneous
Jacki,jsomers2l@discuz.net,Female,$7.29 ,n/a
Stevana,sscamwell2m@nifty.com,Female,$9.74 ,n/a
Dwayne,dhaxley2n@51.la,Male,$8.86 ,Technology
Guenevere,ghryskiewicz2o@xing.com,Female,$4.84 ,Miscellaneous
Westley,wdavenport2p@wisc.edu,Male,$2.81 ,Finance
Henri,hyousef2q@mapy.cz,Male,$3.31 ,Health Care
Der,dleathe2r@moonfruit.com,Male,$7.56 ,Energy
Marquita,mdosdill2s@google.com.au,Female,$8.62 ,Technology
Brose,bcamsey2t@blogger.com,Non-binary,$3.02 ,Consumer Durables
Merrili,mscrafton2u@lulu.com,Female,$5.58 ,n/a
Jehu,jgrimshaw2v@spotify.com,Male,$2.93 ,Miscellaneous
Rem,rmacconnell2w@amazonaws.com,Male,$4.12 ,Consumer Services
Sky,sjobern2x@1und1.de,Male,$7.21 ,Miscellaneous
Paddy,pstanner2y@google.com.hk,Male,$0.01 ,Basic Industries
Luisa,laireton2z@marriott.com,Female,$8.74 ,Finance
Malcolm,mvyse30@devhub.com,Male,$7.15 ,n/a
Mady,mboyer31@wordpress.com,Female,$3.78 ,Capital Goods
Jude,jgayforth32@nifty.com,Male,$5.14 ,Consumer Services
Drusie,dcressar33@freewebs.com,Female,$3.72 ,Technology
John,jyoudell34@loc.gov,Male,$9.27 ,Technology
Amble,afaircliff35@thetimes.co.uk,Male,$5.82 ,Basic Industries
Helenka,htremble36@squidoo.com,Polygender,$6.62 ,Capital Goods
Marjory,msnalum37@yellowbook.com,Female,$0.12 ,n/a
Rosemaria,rmelin38@about.com,Genderfluid,$9.64 ,Capital Goods
Genia,gcorbould39@oaic.gov.au,Female,$8.36 ,Technology
Shane,srawe3a@devhub.com,Male,$6.12 ,Technology
Carita,cstivey3b@statcounter.com,Female,$1.69 ,Consumer Services
Ella,ejachimak3c@addtoany.com,Genderqueer,$0.78 ,Consumer Services
Ramona,rkopacek3d@angelfire.com,Female,$6.27 ,Capital Goods
Muffin,mswindon3e@github.io,Female,$0.70 ,Health Care
Celle,caltoft3f@purevolume.com,Female,$5.51 ,Consumer Services
Hector,hmaccaig3g@nymag.com,Male,$3.68 ,Technology
Shay,shugonin3h@pen.io,Male,$2.35 ,Consumer Services
Rozalie,rboniface3i@admin.ch,Female,$1.92 ,Energy
Thorndike,tluard3j@cdc.gov,Male,$4.65 ,Consumer Services
Duffie,derasmus3k@123-reg.co.uk,Male,$4.54 ,Consumer Services
Sheree,sodowling3l@deviantart.com,Female,$5.63 ,n/a
Cody,ctyzack3m@walmart.com,Agender,$1.09 ,n/a
Sven,slabon3n@networkadvertising.org,Male,$7.60 ,n/a
Juliette,jboseley3o@ifeng.com,Bigender,$8.15 ,n/a
Rosalind,rhune3p@theglobeandmail.com,Genderqueer,$2.96 ,Public Utilities
Theresa,tsmithson3q@utexas.edu,Female,$2.04 ,n/a
Denys,dscadding3r@issuu.com,Male,$9.03 ,Technology
Gabbie,gimlaw3s@springer.com,Male,$4.02 ,n/a
Malissia,mburnup3t@bravesites.com,Female,$4.30 ,Finance
Gertrude,gcapineer3u@msu.edu,Female,$4.80 ,Consumer Services
Yardley,yoleszczak3v@instagram.com,Male,$6.67 ,n/a
Jeth,jyallop3w@seesaa.net,Non-binary,$4.65 ,Consumer Services
Fernanda,fpitchers3x@yolasite.com,Female,$4.12 ,Capital Goods
Janetta,jbarby3y@youku.com,Female,$2.35 ,Finance
Chadwick,cmeeland3z@prnewswire.com,Genderqueer,$5.48 ,Basic Industries
Weston,wtchir40@cbsnews.com,Male,$7.07 ,Technology
Darn,dfruchter41@instagram.com,Male,$9.42 ,Capital Goods
Rudiger,rcallf42@usda.gov,Male,$9.97 ,Miscellaneous
Minni,mfeige43@cornell.edu,Female,$6.60 ,Health Care
Alvie,aeggleston44@about.me,Male,$2.31 ,Capital Goods
Boyd,bsomes45@cnbc.com,Male,$7.12 ,Basic Industries
Ami,abashford46@apache.org,Female,$3.22 ,n/a
Delbert,dcorneil47@youtu.be,Male,$3.38 ,Health Care
Yves,yjephcote48@prweb.com,Male,$4.48 ,n/a
Earle,egierck49@mayoclinic.com,Male,$9.46 ,Finance
Rollins,rmorrowe4a@etsy.com,Male,$3.54 ,n/a
Nikolai,nhatliff4b@japanpost.jp,Male,$3.13 ,Consumer Services
Ruby,rmcfadyen4c@vkontakte.ru,Polygender,$7.30 ,Health Care
Loni,lingall4d@usnews.com,Female,$4.13 ,Capital Goods
Myrah,msmowton4e@deliciousdays.com,Female,$4.40 ,Health Care
Egan,ebardell4f@elegantthemes.com,Male,$4.41 ,Health Care
Dorian,dcapner4g@4shared.com,Male,$0.96 ,Public Utilities
Zeb,zdenis4h@google.co.uk,Male,$7.78 ,n/a
Faina,flowton4i@clickbank.net,Female,$6.07 ,Technology
Deeann,dilymanov4j@so-net.ne.jp,Female,$9.16 ,Health Care
Evangelin,emcfadin4k@dropbox.com,Female,$4.44 ,n/a
Hatty,hcallery4l@ehow.com,Genderfluid,$1.14 ,Capital Goods
Obed,oullrich4m@eventbrite.com,Male,$9.34 ,Consumer Services
Brendin,bjowle4n@go.com,Genderqueer,$3.08 ,Transportation
Klemens,kclotworthy4o@multiply.com,Male,$0.10 ,Finance
Cilka,clyness4p@foxnews.com,Agender,$0.50 ,Consumer Services
Aime,amckinstry4q@shop-pro.jp,Genderfluid,$5.43 ,Health Care
Bunni,bskin4r@sina.com.cn,Female,$2.27 ,Health Care
Pam,phuntly4s@vkontakte.ru,Female,$3.78 ,Finance
Doralia,drasch4t@lycos.com,Female,$4.44 ,Health Care
Farlay,fcamosso4u@whitehouse.gov,Male,$0.47 ,Technology
Dru,dcarty4v@gizmodo.com,Agender,$2.77 ,Consumer Durables
Cassey,cpaver4w@msu.edu,Female,$5.42 ,Consumer Services
Obie,ojeeks4x@furl.net,Male,$6.81 ,n/a
Dilly,dmcgaughey4y@zimbio.com,Male,$6.80 ,n/a
Laurella,lmersh4z@ted.com,Female,$2.06 ,Consumer Services
Vincenty,vmcruvie50@creativecommons.org,Male,$0.32 ,Finance
Elyse,eperett51@nyu.edu,Polygender,$6.97 ,Consumer Services
Shelden,stuma52@wikispaces.com,Male,$4.28 ,Consumer Services
Daile,dwaker53@umich.edu,Female,$5.74 ,Consumer Services
Eustace,ealleyn54@sciencedirect.com,Male,$7.08 ,n/a
Padgett,pdrewry55@feedburner.com,Male,$7.52 ,Technology
Basile,bguisler56@qq.com,Male,$9.23 ,Capital Goods
Georgeanne,gashfield57@dyndns.org,Female,$1.19 ,Technology
Benjamin,bheyburn58@diigo.com,Male,$8.58 ,Finance
Domenico,dcapron59@drupal.org,Male,$9.23 ,Energy
Hope,hdoddemeede5a@cornell.edu,Female,$3.92 ,Basic Industries
Rhea,rfeare5b@parallels.com,Female,$6.23 ,n/a
Shanta,ssmethurst5c@weather.com,Female,$5.75 ,Consumer Durables
Darleen,dhoulden5d@oakley.com,Female,$2.51 ,Finance
Fee,fgertray5e@fema.gov,Male,$2.86 ,n/a
Odetta,ostile5f@bandcamp.com,Female,$0.29 ,Finance
Tim,tjeffcoate5g@t.co,Male,$7.97 ,Finance
Tallie,tgreenwell5h@cnbc.com,Female,$0.29 ,Consumer Durables
Alexandre,abenzi5i@yale.edu,Male,$2.04 ,Public Utilities
Artemus,amountney5j@cpanel.net,Male,$1.85 ,Finance
Cullie,cdudny5k@barnesandnoble.com,Male,$9.81 ,Consumer Services
Corry,csurgood5l@usda.gov,Female,$5.85 ,Consumer Services
Waylen,wmotton5m@sitemeter.com,Male,$1.05 ,Basic Industries
Bevvy,brames5n@stumbleupon.com,Female,$8.73 ,Finance
Serge,sankrett5o@hc360.com,Male,$3.60 ,n/a
Inna,ilauritzen5p@printfriendly.com,Female,$3.21 ,Capital Goods
Elberta,emuehler5q@nasa.gov,Female,$4.17 ,Finance
Mercy,mlambeth5r@netvibes.com,Female,$4.20 ,Consumer Non-Durables
Mayor,mquilty5s@google.pl,Male,$1.89 ,Public Utilities
Eugenia,echrestien5t@wp.com,Female,$4.76 ,Transportation
Welbie,wduckering5u@acquirethisname.com,Male,$5.69 ,Public Utilities
Field,fgerrans5v@issuu.com,Male,$3.37 ,Energy
Una,ucuberley5w@smh.com.au,Female,$8.15 ,Health Care
Marlie,mfillingham5x@cnet.com,Female,$8.97 ,Finance
Erv,efoldes5y@businessinsider.com,Male,$0.90 ,Health Care
Jae,jgleadhell5z@squidoo.com,Genderqueer,$2.85 ,Finance
Berthe,bjuppe60@pbs.org,Female,$4.31 ,Consumer Services
Eadmund,ejell61@ow.ly,Male,$9.01 ,Health Care
Guinna,gottosen62@mozilla.org,Female,$1.84 ,Technology
Meagan,mvogeler63@networkadvertising.org,Female,$1.74 ,Technology
Christin,cgoldsbrough64@earthlink.net,Female,$6.05 ,n/a
Gwyneth,ggladtbach65@edublogs.org,Female,$1.50 ,Finance
Brig,brackstraw66@reuters.com,Male,$8.31 ,Health Care
Luke,lhadden67@businessinsider.com,Male,$2.22 ,Capital Goods
Herculie,hkleinerman68@china.com.cn,Male,$0.49 ,Health Care
Rosette,rengley69@msu.edu,Female,$5.80 ,n/a
Cy,cgreenstead6a@answers.com,Male,$7.76 ,n/a
Kylen,khallock6b@comsenz.com,Non-binary,$5.89 ,Basic Industries
Moselle,mmuncaster6c@oakley.com,Female,$1.59 ,Technology
Austin,atrask6d@cdbaby.com,Male,$9.75 ,Energy
Cicely,craselles6e@linkedin.com,Polygender,$3.41 ,Finance
Myrwyn,msimpkin6f@bloglovin.com,Male,$0.44 ,Finance
Natale,nvandijk6g@yale.edu,Male,$6.70 ,n/a
Reagen,rcanto6h@nytimes.com,Non-binary,$0.13 ,Health Care
Bev,bdellenbrok6i@umn.edu,Female,$7.12 ,n/a
Dennis,dpowder6j@yolasite.com,Male,$5.93 ,n/a
Wang,wweinberg6k@instagram.com,Male,$1.04 ,n/a
Moises,mwoolam6l@vistaprint.com,Male,$1.32 ,n/a
Inger,icourtenay6m@geocities.jp,Male,$7.67 ,Finance
Lovell,lhardie6n@scientificamerican.com,Male,$4.21 ,Health Care
Annaliese,aseleway6o@issuu.com,Female,$5.38 ,Technology
Bernarr,bquinnette6p@comcast.net,Male,$0.66 ,Health Care
Lowrance,lcastellani6q@4shared.com,Male,$4.35 ,Public Utilities
Essa,erenad6r@usa.gov,Polygender,$7.84 ,n/a
Vasilis,vfulker6s@cargocollective.com,Male,$1.23 ,Miscellaneous
Adair,agaishson6t@dailymail.co.uk,Male,$8.02 ,n/a
Marna,mmackie6u@china.com.cn,Genderqueer,$0.66 ,n/a
Irvine,icharlwood6v@addtoany.com,Male,$6.73 ,Public Utilities
Lucilia,lrosita6w@msu.edu,Female,$1.52 ,Technology
Cyrille,crosi6x@howstuffworks.com,Male,$9.99 ,Technology
Lester,lmcteague6y@cdc.gov,Male,$9.67 ,Finance
Nixie,nadamovitch6z@japanpost.jp,Female,$7.71 ,Consumer Services
Kermit,kfeldmesser70@geocities.jp,Male,$8.94 ,Public Utilities
Fremont,frotge71@domainmarket.com,Male,$1.44 ,n/a
Ezekiel,ebushill72@nps.gov,Male,$2.11 ,n/a
Obie,omasser73@bizjournals.com,Male,$9.30 ,Finance
Charlot,cdurak74@imdb.com,Female,$3.16 ,Finance
Kaia,kschenfisch75@yahoo.com,Female,$3.31 ,Technology
Harriet,hponter76@cyberchimps.com,Female,$2.73 ,Consumer Services
Doloritas,dmaddicks77@hao123.com,Female,$1.59 ,Capital Goods
Clary,cgeydon78@utexas.edu,Female,$3.81 ,n/a
Tyne,tsonnenschein79@w3.org,Female,$5.93 ,Capital Goods
Hewet,hroostan7a@dedecms.com,Male,$4.05 ,Consumer Services
Joshua,jburman7b@tuttocitta.it,Male,$6.19 ,n/a
Gannie,grenbold7c@dailymail.co.uk,Male,$8.78 ,Capital Goods
Carmine,csnowdon7d@deviantart.com,Male,$4.26 ,Technology
Kessia,klenham7e@desdev.cn,Female,$1.29 ,Technology
Patten,pgonnelly7f@sphinn.com,Male,$5.86 ,Finance
Saundra,smilton7g@ox.ac.uk,Female,$7.65 ,Miscellaneous
Gale,giffland7h@elegantthemes.com,Female,$3.90 ,Finance
Moses,mthiese7i@sciencedaily.com,Male,$9.94 ,Transportation
Blondy,bargente7j@wiley.com,Female,$1.61 ,Energy
Sari,sdevillier7k@si.edu,Female,$3.25 ,Capital Goods
Denys,ddelaeglise7l@wp.com,Male,$1.29 ,Finance
Alane,adeanesy7m@mac.com,Female,$2.04 ,n/a
Rollo,rwhoston7n@state.gov,Male,$0.04 ,Consumer Non-Durables
Arney,afolliss7o@cloudflare.com,Male,$2.83 ,Public Utilities
Rouvin,rburds7p@cbsnews.com,Male,$5.92 ,Consumer Services
Reena,rwestcar7q@telegraph.co.uk,Female,$4.94 ,n/a
Cindee,clowndsborough7r@msu.edu,Female,$2.10 ,Finance
Cesaro,ccoggen7s@dropbox.com,Male,$4.34 ,Finance
Hunfredo,hhaldon7t@uiuc.edu,Male,$0.05 ,Finance
Alika,aeliez7u@google.com,Female,$8.08 ,Energy
Melonie,mdestoop7v@phpbb.com,Female,$9.57 ,n/a
Byran,blibbe7w@bandcamp.com,Agender,$4.94 ,Finance
Ernie,ebraundt7x@hatena.ne.jp,Male,$4.27 ,Consumer Services
Ives,iloadman7y@wikimedia.org,Male,$1.63 ,Miscellaneous
Yehudi,ycoleyshaw7z@posterous.com,Male,$3.76 ,Finance
Patton,pscothorn80@ebay.co.uk,Male,$5.18 ,Technology
Horatio,hmcneill81@ycombinator.com,Male,$0.62 ,Finance
June,jcurgenuer82@artisteer.com,Female,$8.84 ,n/a
Callean,cstonman83@diigo.com,Male,$2.97 ,Capital Goods
Norine,nmeikle84@infoseek.co.jp,Female,$4.07 ,n/a
Sallyanne,spackington85@wikipedia.org,Female,$6.09 ,n/a
Daffi,dgalfour86@oakley.com,Female,$8.60 ,Consumer Services
Corbett,clghan87@acquirethisname.com,Male,$7.30 ,Finance
Nancie,nreightley88@mtv.com,Female,$0.82 ,Technology
Madelina,mtorricella89@altervista.org,Female,$7.95 ,Consumer Services
Karlis,kespinazo8a@alexa.com,Male,$6.29 ,n/a
Bronnie,broaf8b@weebly.com,Male,$0.54 ,Miscellaneous
Valina,vbacks8c@globo.com,Female,$2.57 ,Finance
Charmian,cellard8d@howstuffworks.com,Polygender,$9.42 ,Consumer Services
Steward,sscutching8e@rediff.com,Male,$4.66 ,Technology
Beitris,breisen8f@eventbrite.com,Female,$4.24 ,Miscellaneous
Malvina,mhowgate8g@naver.com,Female,$9.51 ,n/a
Angeline,amountjoy8h@oracle.com,Female,$5.55 ,Consumer Services
Guglielmo,gvanhalen8i@stumbleupon.com,Male,$0.74 ,Basic Industries
Kingston,kgwynne8j@google.com.au,Male,$5.37 ,Consumer Non-Durables
Alix,ahaythorne8k@sciencedirect.com,Male,$7.90 ,n/a
Rosabel,rfugere8l@home.pl,Female,$7.06 ,n/a
Skipper,sblackeby8m@ebay.com,Male,$7.46 ,Energy
Benjamin,bruppert8n@comcast.net,Male,$8.86 ,n/a
Candice,cohone8o@reference.com,Genderfluid,$9.12 ,Health Care
Kristoffer,kwildman8p@skyrock.com,Male,$0.49 ,Capital Goods
Garvy,galdwinckle8q@cargocollective.com,Male,$9.33 ,Consumer Non-Durables
Northrup,nhaldene8r@networksolutions.com,Male,$4.24 ,Health Care
Padgett,pbudden8s@list-manage.com,Male,$8.45 ,n/a
Jeri,jgladwell8t@com.com,Female,$6.78 ,Consumer Services
Lin,lodempsey8u@ehow.com,Female,$0.15 ,Miscellaneous
Billy,brunchman8v@accuweather.com,Male,$3.16 ,Finance
Kiley,kbraid8w@wordpress.com,Male,$3.48 ,Finance
Blayne,bkochel8x@goodreads.com,Male,$3.46 ,Consumer Durables
Ellyn,eetchingham8y@stumbleupon.com,Polygender,$3.10 ,Capital Goods
Nickola,nstreater8z@businessweek.com,Male,$4.49 ,n/a
Talya,tbaldock90@soup.io,Female,$8.34 ,Finance
Kara-lynn,kmartinec91@tuttocitta.it,Female,$7.85 ,Finance
Thorndike,tgrishin92@mac.com,Male,$1.91 ,Health Care
Tiff,tthorius93@loc.gov,Female,$5.54 ,Consumer Services
North,ndrinkhill94@dagondesign.com,Male,$9.99 ,n/a
Frederic,fheijnen95@addtoany.com,Male,$4.20 ,Health Care
Moreen,msummersby96@huffingtonpost.com,Female,$7.93 ,Technology
Kira,kpittam97@weather.com,Agender,$2.80 ,n/a
Shanna,sledner98@oakley.com,Female,$3.10 ,Public Utilities
Nonah,nrands99@hatena.ne.jp,Female,$9.94 ,Consumer Services
Vin,vcullivan9a@ucoz.com,Male,$6.80 ,Finance
Boothe,bbrane9b@youtu.be,Male,$4.57 ,Finance
Hazlett,hgerraty9c@quantcast.com,Genderfluid,$4.02 ,Basic Industries
Dix,dcrayker9d@bloomberg.com,Non-binary,$9.43 ,Energy
Win,wsayse9e@dailymail.co.uk,Male,$0.17 ,Health Care
Juditha,jpett9f@telegraph.co.uk,Female,$2.62 ,Public Utilities
Kele,khyatt9g@live.com,Male,$6.06 ,Technology
Fawn,ffoggarty9h@bigcartel.com,Female,$0.12 ,Capital Goods
Errol,ekupke9i@tinyurl.com,Male,$2.69 ,Energy
Nikola,nyemm9j@nature.com,Male,$2.13 ,Consumer Durables
Leona,lridding9k@indiegogo.com,Female,$3.53 ,Miscellaneous
Claudio,cbeazer9l@friendfeed.com,Male,$9.84 ,Capital Goods
Caitrin,ccanario9m@guardian.co.uk,Female,$5.31 ,Health Care
Rochette,rwaitland9n@baidu.com,Female,$6.01 ,Transportation
Sampson,srushworth9o@aol.com,Male,$3.95 ,Technology
Ottilie,ocalf9p@cbsnews.com,Female,$7.59 ,n/a
Xenia,xgerler9q@huffingtonpost.com,Female,$3.33 ,Miscellaneous
Zach,zdamiral9r@columbia.edu,Male,$9.18 ,Technology
Hansiain,hgallico9s@blog.com,Male,$1.01 ,Technology
Arnaldo,alongforth9t@indiegogo.com,Male,$4.48 ,n/a
Josie,jcawston9u@unblog.fr,Female,$5.13 ,Consumer Services
Michell,mhanhart9v@chicagotribune.com,Bigender,$2.27 ,Miscellaneous
Horatius,hmeni9w@istockphoto.com,Male,$4.57 ,n/a
Zola,zcastelijn9x@histats.com,Female,$0.37 ,Technology
Nichols,nkeslake9y@tripadvisor.com,Male,$8.70 ,n/a
Moore,mmicklewright9z@amazon.co.jp,Male,$1.84 ,n/a
Teena,thundya0@t-online.de,Female,$2.10 ,Technology
Nathan,nprenticea1@about.com,Male,$1.85 ,Technology
Tony,tfranea2@sakura.ne.jp,Male,$3.01 ,Consumer Services
Penn,pgantera3@cdbaby.com,Male,$7.22 ,n/a
Barr,bshonea4@squidoo.com,Male,$8.10 ,Capital Goods
Flory,froggea5@redcross.org,Male,$2.49 ,n/a
Ailis,aearda6@paypal.com,Female,$1.90 ,n/a
Brok,bvowdona7@php.net,Non-binary,$2.32 ,Consumer Durables
Sherye,sevamya8@shutterfly.com,Female,$1.30 ,Capital Goods
Fanchette,fgottera9@typepad.com,Genderfluid,$5.68 ,n/a
Herc,hmartinetaa@domainmarket.com,Male,$4.16 ,n/a
Roarke,rharrhyab@hud.gov,Male,$6.55 ,n/a
Mariette,mcamplinac@biblegateway.com,Female,$5.68 ,n/a
Jorie,jmccaguead@github.com,Polygender,$5.56 ,Basic Industries
Augusta,acoxhellae@guardian.co.uk,Female,$6.44 ,Consumer Services
Patricio,pbarradellaf@issuu.com,Male,$6.25 ,n/a
Tore,tdreganag@amazon.co.uk,Male,$2.11 ,n/a
Mahalia,mjonesah@arstechnica.com,Female,$4.72 ,Technology
Costa,csandemanai@oracle.com,Bigender,$9.52 ,Consumer Durables
Ransell,rmalteraj@chron.com,Male,$4.49 ,n/a
Antin,ajenkisonak@stumbleupon.com,Male,$0.56 ,n/a
Kirbee,kpinaal@4shared.com,Female,$3.58 ,n/a
Amandi,adanigelam@google.ru,Genderqueer,$5.79 ,Consumer Services
Ramsay,rdalbeyan@bluehost.com,Male,$9.34 ,n/a
Bowie,btoulminao@devhub.com,Male,$0.21 ,Transportation
Linc,ldechelleap@google.com.br,Non-binary,$5.79 ,n/a
Carlee,cdoeyaq@shop-pro.jp,Female,$3.46 ,Finance
Sal,sthomasonar@barnesandnoble.com,Female,$6.52 ,Miscellaneous
Maire,mwonfaras@ehow.com,Female,$7.69 ,n/a
Rae,rhinkensenat@businessweek.com,Bigender,$9.55 ,Finance
Gerty,gjandlau@earthlink.net,Female,$3.98 ,Consumer Durables
Ogdan,omacbeyav@spotify.com,Male,$5.23 ,Technology
Marrilee,mjanakaw@163.com,Female,$5.93 ,Consumer Services
Willdon,wwhitticksax@ifeng.com,Male,$3.93 ,Technology
Dasi,dgotliffeay@eventbrite.com,Female,$1.05 ,Health Care
Stace,sraimbauldaz@domainmarket.com,Female,$2.03 ,Technology
Aloise,akarpeb0@mit.edu,Female,$4.99 ,n/a
Elle,epettitb1@amazonaws.com,Female,$1.76 ,Consumer Non-Durables
Gauthier,galloneb2@4shared.com,Male,$2.68 ,Consumer Services
Matthew,mgilphillanb3@google.com.hk,Male,$1.58 ,Health Care
Silvanus,setchellb4@shutterfly.com,Male,$5.45 ,Transportation
Carolyn,cyashaevb5@soup.io,Female,$8.15 ,n/a
Malina,mroskelleyb6@bloglines.com,Female,$5.48 ,n/a
Mason,mcurrorb7@com.com,Male,$2.48 ,Consumer Non-Durables
Bambi,bhassentb8@yellowbook.com,Female,$7.80 ,Health Care
Cecile,cissacoffb9@home.pl,Female,$4.52 ,Technology
Reiko,rcruzba@i2i.jp,Bigender,$8.94 ,n/a
Hunt,hcallisterbb@economist.com,Male,$5.08 ,Technology
Ladonna,lcolquitbc@mozilla.org,Female,$9.46 ,Technology
Bradan,bspringallbd@moonfruit.com,Male,$4.70 ,Consumer Durables
Todd,tclatworthybe@ustream.tv,Male,$7.24 ,Finance
Daisey,dkellewaybf@ox.ac.uk,Agender,$5.74 ,Miscellaneous
Ignacius,idaenenbg@toplist.cz,Male,$6.58 ,Technology
Clea,couthwaitebh@tinyurl.com,Female,$7.07 ,Health Care
Rozanne,rmckimmbi@sourceforge.net,Non-binary,$4.32 ,Finance
Tab,thirschmannbj@theatlantic.com,Male,$2.06 ,Basic Industries
Fidel,fchristophlebk@angelfire.com,Male,$4.19 ,n/a
Wallie,wgatleybl@utexas.edu,Male,$1.27 ,Finance
Kinny,kfetherstonbm@histats.com,Male,$6.96 ,Basic Industries
Thoma,tmatuskabn@ibm.com,Male,$1.45 ,Finance
Alexis,ateidemanbo@miitbeian.gov.cn,Male,$7.79 ,Technology
Milissent,mmatuszinskibp@indiatimes.com,Female,$7.37 ,Finance
Gifford,gpotierbq@etsy.com,Polygender,$1.48 ,n/a
Zacharie,zrabjohnsbr@businesswire.com,Male,$6.43 ,n/a
Benyamin,bdavidovicibs@state.gov,Male,$1.98 ,n/a
Rog,rwalkeybt@nytimes.com,Male,$3.52 ,Consumer Durables
Doretta,daccumbu@wp.com,Female,$6.58 ,Consumer Durables
Waldemar,wbennybv@ehow.com,Male,$5.98 ,Capital Goods
Valentino,vhadcockbw@webnode.com,Male,$7.16 ,n/a
Antonetta,abucklerbx@mayoclinic.com,Non-binary,$6.93 ,Technology
Kristyn,kstevensby@tiny.cc,Female,$4.92 ,n/a
Nadeen,nmesantbz@nhs.uk,Female,$6.92 ,n/a
Regina,rlysterc0@scientificamerican.com,Female,$8.03 ,Technology
Osbourne,omaddiec1@shop-pro.jp,Male,$3.13 ,n/a
Fax,fdrewcliftonc2@xrea.com,Male,$5.92 ,n/a
Abbe,abiggarc3@example.com,Male,$1.42 ,Public Utilities
Cynthie,chuggonc4@hp.com,Female,$1.46 ,Health Care
Clary,cingledowc5@zdnet.com,Female,$4.21 ,n/a
Caz,cskeac6@unicef.org,Male,$0.41 ,Consumer Services
Theobald,tworssamc7@adobe.com,Male,$2.44 ,Transportation
Tobiah,ttattersallc8@marriott.com,Male,$8.95 ,n/a
Charlean,chiddyc9@hexun.com,Female,$8.43 ,Consumer Non-Durables
Meredith,mhankinca@blogger.com,Female,$9.31 ,Miscellaneous
Joey,jtatnellcb@thetimes.co.uk,Female,$7.48 ,n/a
Jacklin,jlaughrencc@odnoklassniki.ru,Female,$0.82 ,n/a
Suellen,sdeemancd@a8.net,Female,$1.57 ,Basic Industries
Garland,gdalyellce@uol.com.br,Female,$0.92 ,Consumer Services
Florie,frochcf@sphinn.com,Female,$4.13 ,Capital Goods
Michael,mthumimcg@ifeng.com,Male,$8.29 ,Public Utilities
Olympia,oaldrench@lulu.com,Female,$1.57 ,Consumer Services
Fabien,fburderci@theguardian.com,Bigender,$6.00 ,n/a
Danila,dwhifecj@msu.edu,Female,$0.16 ,Consumer Durables
Ced,chullerck@blogger.com,Male,$1.61 ,Consumer Non-Durables
Cletus,cfidgecl@usa.gov,Male,$4.09 ,Basic Industries
Horatio,hoffilercm@usgs.gov,Male,$1.12 ,Consumer Services
Halley,hgristoncn@cargocollective.com,Female,$1.42 ,n/a
Jefferson,jraisherco@deviantart.com,Male,$9.48 ,Health Care
Marget,mhadwencp@intel.com,Female,$9.22 ,Public Utilities
Gardy,gsavagecq@tinypic.com,Male,$9.92 ,Consumer Services
Jennette,jdrysdellcr@arizona.edu,Female,$4.28 ,Technology
Timoteo,taringtoncs@bluehost.com,Male,$4.09 ,n/a
Blake,bgrombridgect@wix.com,Male,$7.44 ,Finance
Amerigo,aduffittcu@themeforest.net,Male,$8.73 ,n/a
Davide,dfiggercv@naver.com,Male,$3.92 ,Finance
Iggie,itanncw@admin.ch,Male,$6.35 ,n/a
Hasty,hslixbycx@ifeng.com,Male,$5.59 ,Public Utilities
Leroi,lelmarcy@instagram.com,Genderqueer,$5.37 ,Capital Goods
Julissa,jsnazlecz@reverbnation.com,Female,$0.02 ,Public Utilities
Nananne,nchoatd0@qq.com,Female,$3.64 ,n/a
Harlene,hstoned1@epa.gov,Female,$8.60 ,Consumer Services
Curtice,cbifieldd2@blogtalkradio.com,Male,$7.81 ,Energy
Kennedy,karmandd3@devhub.com,Male,$3.01 ,Finance
Niki,nsimakd4@bigcartel.com,Male,$2.35 ,Basic Industries
Marcia,myannd5@webmd.com,Female,$1.18 ,n/a
Feodora,fmiddupd6@yandex.ru,Genderqueer,$0.09 ,Consumer Services
Kiersten,kvertyd7@java.com,Female,$4.48 ,Health Care
Hedda,hashenhurstd8@shareasale.com,Polygender,$0.30 ,Miscellaneous
Chance,cdentd9@nytimes.com,Male,$3.93 ,n/a
Hort,hsmardonda@apache.org,Agender,$6.67 ,Finance
Helaine,hnorleydb@hubpages.com,Agender,$7.71 ,Basic Industries
Daryl,dgainfortdc@moonfruit.com,Male,$8.60 ,Consumer Durables
Effie,evinsendd@pinterest.com,Female,$7.82 ,Consumer Services
Emilie,eriselyde@github.com,Female,$3.93 ,n/a
Shalna,sskeydf@webmd.com,Female,$4.84 ,Consumer Services
Elfie,ethamedg@paginegialle.it,Female,$1.43 ,Finance
Reamonn,rduftondh@google.it,Male,$8.01 ,Consumer Durables
Elizabeth,elackneydi@nationalgeographic.com,Female,$4.91 ,Consumer Services
Kerrin,kprimettdj@craigslist.org,Female,$5.20 ,Health Care
Chickie,ckeatesdk@nih.gov,Male,$4.90 ,Consumer Durables
Matthaeus,mdealeydl@independent.co.uk,Male,$1.98 ,Finance
Benton,bwinkelldm@so-net.ne.jp,Agender,$9.97 ,Technology
Corrina,clamertondn@stanford.edu,Female,$4.87 ,Public Utilities
Rickert,racunado@baidu.com,Male,$0.95 ,Health Care
Skelly,sbrundalldp@moonfruit.com,Male,$3.72 ,Basic Industries
Dorian,dwalterdq@elegantthemes.com,Female,$2.34 ,Health Care
Jillene,jrolldr@acquirethisname.com,Agender,$3.77 ,Technology
Sasha,scartands@marketwatch.com,Female,$4.46 ,n/a
Robb,rlahrsdt@discuz.net,Male,$2.18 ,Consumer Services
Vivyan,vmacmorlanddu@ning.com,Female,$6.75 ,Technology
Karoly,kperryndv@mail.ru,Male,$3.69 ,n/a
Saba,sdeschelledw@bigcartel.com,Female,$2.37 ,Finance
Laird,lsteardx@domainmarket.com,Genderqueer,$0.06 ,Finance
Gibby,gmcfadedy@hubpages.com,Male,$5.11 ,Basic Industries
Robinet,rlandesdz@sciencedaily.com,Female,$1.42 ,Capital Goods
Gabriell,ghawkette0@diigo.com,Female,$0.89 ,n/a
Cyrus,cnabbse1@dagondesign.com,Genderqueer,$3.70 ,Consumer Services
Isadore,imacconneelye2@51.la,Male,$4.66 ,Miscellaneous
Alisha,asnaddine3@fastcompany.com,Female,$9.36 ,Health Care
Holli,hruthvene4@1688.com,Agender,$4.49 ,Finance
Jenda,jborehame5@zimbio.com,Female,$6.87 ,Health Care
Catharine,cwingatee6@yahoo.co.jp,Female,$4.89 ,n/a
Annaliese,apickvancee7@ibm.com,Female,$7.51 ,Basic Industries
Gabie,gdundridgee8@china.com.cn,Female,$3.52 ,Health Care
Amelina,abaverstocke9@slate.com,Female,$2.73 ,Health Care
Cathlene,cbiltonea@booking.com,Female,$3.05 ,Finance
Linn,lkeavyeb@blinklist.com,Female,$1.65 ,Finance
Holli,hgeeraertec@prlog.org,Female,$8.09 ,n/a
Renell,rvaladezed@cocolog-nifty.com,Female,$6.73 ,Finance
Timmi,tandriveauee@whitehouse.gov,Female,$0.71 ,Transportation
Tomas,tkellochef@mtv.com,Male,$3.16 ,Finance
Vergil,vretchfordeg@wp.com,Male,$7.07 ,Finance
Jacob,jgaffeyeh@independent.co.uk,Male,$6.36 ,n/a
Merv,mbumpusei@acquirethisname.com,Male,$6.68 ,Capital Goods
Lemuel,lsowrahej@cdbaby.com,Male,$3.16 ,Basic Industries
Abbe,atongeek@mozilla.com,Genderqueer,$9.61 ,Finance
Merry,mgreenroadel@mail.ru,Female,$0.74 ,Health Care
Colan,chundleyem@auda.org.au,Male,$4.24 ,Finance
Adolphus,areubbensen@home.pl,Male,$1.41 ,n/a
Pattin,phatchetteeo@state.tx.us,Male,$3.65 ,Capital Goods
Jobye,jkitleyep@weibo.com,Female,$1.28 ,Finance
Glynda,gwoolnougheq@who.int,Female,$2.42 ,Technology
Raychel,rblampeyer@163.com,Female,$4.06 ,n/a
Biron,buphilles@blog.com,Male,$0.99 ,Basic Industries
Keriann,kwineset@earthlink.net,Female,$0.71 ,Public Utilities
Kellie,kmomfordeu@mtv.com,Female,$0.90 ,Technology
Kamilah,kbeatonev@clickbank.net,Female,$5.27 ,Finance
Abigael,alafondew@xrea.com,Female,$8.47 ,n/a
Tabbie,tallberryex@csmonitor.com,Male,$3.85 ,Consumer Services
Tabbi,tdunstaney@etsy.com,Female,$7.17 ,Public Utilities
Val,vlavigneez@uiuc.edu,Male,$4.17 ,Technology
Constantino,chaestierf0@example.com,Male,$1.26 ,n/a
Farra,fveelf1@unesco.org,Female,$3.20 ,Energy
Hershel,hgillilandf2@360.cn,Male,$4.10 ,Health Care
Way,wgregoracif3@exblog.jp,Male,$1.76 ,Consumer Services
Fulton,fgerokf4@indiatimes.com,Male,$8.71 ,Consumer Services
Trix,tdebillf5@drupal.org,Female,$4.62 ,Technology
Myrah,mosoriof6@goodreads.com,Female,$1.61 ,Consumer Services
Garry,gpalinf7@chron.com,Male,$9.65 ,Consumer Services
Ealasaid,egerif8@soundcloud.com,Female,$5.39 ,Energy
Bern,blinnitf9@slashdot.org,Male,$5.74 ,n/a
Lilith,lbufferyfa@hatena.ne.jp,Female,$3.35 ,Consumer Services
Ethe,ejeremiahfb@sina.com.cn,Male,$1.32 ,n/a
Rodrique,rcherringtonfc@xinhuanet.com,Genderfluid,$9.35 ,Consumer Services
Harrison,hbrummittfd@hugedomains.com,Male,$0.91 ,Finance
Timoteo,tkryskafe@prnewswire.com,Male,$9.78 ,n/a
Maynord,mtrayteff@i2i.jp,Male,$9.81 ,n/a
Magdaia,mmcgennfg@cnn.com,Female,$1.19 ,n/a
Mozelle,mfawdryfh@acquirethisname.com,Female,$8.10 ,Energy
Archaimbaud,aomullanfi@yahoo.com,Male,$0.37 ,Consumer Services
Bondie,bmcanalleyfj@woothemes.com,Male,$3.67 ,Miscellaneous
Torey,tmcconvillefk@yellowbook.com,Male,$7.71 ,n/a
Angelina,agedlingfl@yellowpages.com,Female,$5.55 ,Technology
Adams,amariaudfm@yellowbook.com,Male,$5.63 ,Public Utilities
Sutherlan,sajamfn@apple.com,Male,$3.89 ,n/a
Chadd,cthurlbeckfo@quantcast.com,Male,$3.62 ,n/a
Tracie,thanssmannfp@webeden.co.uk,Male,$2.23 ,Consumer Durables
Thatcher,tclelandfq@google.com,Male,$9.84 ,Consumer Services
Berty,bbrindfr@hostgator.com,Male,$3.91 ,Transportation
Sherie,sstellinfs@accuweather.com,Non-binary,$3.55 ,n/a
Balduin,beastft@w3.org,Male,$7.33 ,n/a
Fonz,fgodilingtonfu@blogspot.com,Male,$2.12 ,Capital Goods
Cicily,cvenablesfv@bing.com,Female,$3.22 ,Finance
Lowe,linklesfw@hhs.gov,Polygender,$5.82 ,Consumer Services
Jillane,jzackfx@wordpress.com,Non-binary,$6.90 ,Capital Goods
Remington,rratleefy@redcross.org,Male,$8.88 ,Health Care
Nate,nsparwellfz@skyrock.com,Polygender,$0.89 ,Miscellaneous
Alvinia,aleavesg0@bravesites.com,Female,$2.32 ,n/a
Davidson,ddyettg1@marriott.com,Male,$2.19 ,Finance
Tierney,tgutsellg2@psu.edu,Female,$3.30 ,Technology
Florian,fbeng3@ameblo.jp,Male,$3.44 ,Health Care
Howey,hroubyg4@free.fr,Male,$3.15 ,Consumer Durables
Hildegaard,hleevesg5@google.cn,Female,$1.74 ,Consumer Non-Durables
Fidel,ftweedellg6@github.io,Male,$8.99 ,Technology
Zak,zearlamg7@nps.gov,Male,$6.26 ,Finance
Corey,cduggeng8@hhs.gov,Bigender,$5.16 ,Health Care
Adela,afreeborneg9@mit.edu,Female,$2.66 ,Health Care
Clio,ctotaroga@fc2.com,Female,$5.79 ,Consumer Durables
Ardelis,aswainsgb@wordpress.org,Female,$4.17 ,n/a
Gunner,grosiergc@google.it,Male,$9.30 ,Health Care
Nickie,nsantogd@cbsnews.com,Male,$6.33 ,Health Care
Bunni,bwornerge@parallels.com,Female,$6.83 ,Public Utilities
Bron,bjosephsongf@patch.com,Male,$5.29 ,Energy
Francis,fferenczigg@discuz.net,Male,$8.16 ,Finance
Deva,dellerbeckgh@mac.com,Female,$0.39 ,n/a
Melly,mnuzztigi@yellowbook.com,Female,$2.08 ,Consumer Services
Neal,nbigggj@jiathis.com,Male,$5.34 ,Finance
Eloisa,efaillgk@xing.com,Female,$6.14 ,n/a
Claudell,cburgottgl@apache.org,Male,$4.15 ,Capital Goods
Galen,ghaylegm@nbcnews.com,Genderfluid,$9.55 ,Finance
Tim,torbellgn@va.gov,Female,$2.02 ,Capital Goods
Silvain,sfynngo@biglobe.ne.jp,Male,$4.47 ,Capital Goods
Roslyn,rcurlessgp@paginegialle.it,Female,$1.27 ,Finance
Den,dmartinetgq@home.pl,Male,$5.02 ,Finance
Nicolai,nclokegr@marketwatch.com,Male,$5.75 ,n/a
Modestia,mjosumgs@wix.com,Non-binary,$6.79 ,Basic Industries
Nerte,nmassergt@addtoany.com,Female,$1.98 ,n/a
Matty,mbrydegu@wikia.com,Male,$2.08 ,Finance
Ignaz,itodhuntergv@si.edu,Male,$5.86 ,n/a
Willard,wbysshegw@soup.io,Male,$9.81 ,Finance
Laural,lbennergx@51.la,Female,$0.62 ,n/a
Ugo,urobberechtgy@tiny.cc,Male,$4.19 ,n/a
Ara,aeveleighgz@angelfire.com,Male,$5.38 ,Technology
Demetra,dsempleh0@bbc.co.uk,Female,$0.93 ,Finance
Greg,gpipworthh1@printfriendly.com,Male,$5.61 ,n/a
Iain,ikimmitth2@npr.org,Bigender,$9.36 ,Health Care
Ash,adowryh3@scribd.com,Agender,$3.42 ,Finance
Fran,fborlandh4@canalblog.com,Female,$1.20 ,Technology
Bianca,bgregonh5@google.com,Female,$9.06 ,Energy
Isidoro,imertgenh6@trellian.com,Polygender,$9.72 ,Consumer Non-Durables
Kyle,kdabneyh7@slate.com,Male,$6.68 ,n/a
Minda,mtucknotth8@bloomberg.com,Female,$7.61 ,n/a
Brynne,bdeporth9@wordpress.com,Female,$5.36 ,Health Care
Jarret,jmacinherneyha@tuttocitta.it,Male,$7.78 ,Consumer Non-Durables
Rachelle,rrumfordhb@engadget.com,Female,$3.36 ,Consumer Non-Durables
Codi,cgarretsonhc@wikipedia.org,Male,$7.74 ,n/a
Remus,ralywenhd@t-online.de,Male,$7.62 ,Consumer Services
Paxon,pkellandhe@wufoo.com,Male,$1.96 ,Health Care
Stillmann,sdenthf@bbb.org,Male,$5.94 ,Transportation
Madelene,madlardhg@shinystat.com,Female,$4.24 ,Basic Industries
Hanny,hdematteihh@zdnet.com,Bigender,$4.76 ,Consumer Non-Durables
Antone,apietrzykhi@forbes.com,Male,$4.25 ,n/a
Nollie,nkeranshj@cloudflare.com,Female,$9.06 ,n/a
Alleyn,aingramhk@time.com,Male,$1.01 ,n/a
Kirstin,kdietzlerhl@unesco.org,Female,$9.94 ,Finance
Erena,esallingerhm@cargocollective.com,Female,$6.18 ,n/a
Jarvis,jdevoyhn@census.gov,Male,$3.34 ,n/a
Justis,jkittmanho@addtoany.com,Male,$3.87 ,Basic Industries
Liz,lgurradohp@cafepress.com,Female,$7.85 ,Consumer Services
Maggie,mgiacomellohq@mac.com,Female,$6.68 ,Finance
Rabi,rullyatthr@epa.gov,Male,$8.70 ,Technology
Baillie,bandrionihs@diigo.com,Male,$9.00 ,Consumer Services
Isidoro,izupoht@example.com,Male,$6.64 ,n/a
Mina,mfihellyhu@si.edu,Female,$5.97 ,Health Care
Andriette,acorneliussenhv@mtv.com,Female,$0.86 ,n/a
Jordain,jpyburnhw@mtv.com,Female,$8.44 ,Basic Industries
Nollie,ntebbethx@cnet.com,Male,$4.34 ,Public Utilities
Farica,ftickhy@apple.com,Female,$2.53 ,Consumer Durables
Farly,flutohz@home.pl,Male,$9.92 ,Health Care
Cacilia,cpethericki0@eepurl.com,Agender,$7.15 ,Consumer Non-Durables
Tandie,tcourtoisi1@purevolume.com,Bigender,$7.11 ,Public Utilities
Vina,vitzcaki2@godaddy.com,Female,$7.20 ,Consumer Services
Vivyan,vcuskeryi3@opera.com,Female,$8.42 ,Transportation
Meghann,mmacclanceyi4@networkadvertising.org,Female,$2.18 ,Consumer Services
Blinny,bdimberlinei5@typepad.com,Female,$3.78 ,Consumer Services
Aubert,abiestyi6@shop-pro.jp,Male,$9.92 ,Consumer Services
Inessa,iploveri7@redcross.org,Female,$3.73 ,Consumer Non-Durables
Jedd,jaylmorei8@hatena.ne.jp,Male,$5.55 ,Finance
Merv,mgantzmani9@themeforest.net,Male,$5.31 ,Transportation
Hirsch,hicomia@wired.com,Male,$3.09 ,Consumer Services
Caz,ctraharib@amazonaws.com,Male,$5.58 ,Health Care
Lori,lblundonic@noaa.gov,Female,$8.22 ,Finance
Al,amooreyid@ihg.com,Male,$0.51 ,Consumer Services
Harv,hfrancklinie@wp.com,Male,$5.34 ,n/a
Estrellita,eferensif@wp.com,Female,$1.79 ,n/a
Gothart,geldinig@hibu.com,Male,$5.64 ,Capital Goods
Thomasine,tjerroldih@berkeley.edu,Female,$9.13 ,Health Care
Caye,cpairpointii@behance.net,Female,$6.97 ,Health Care
Inger,iandrieuij@surveymonkey.com,Bigender,$5.94 ,Basic Industries
Gradey,gherityik@java.com,Male,$6.20 ,Health Care
Ebonee,efearnillil@jigsy.com,Female,$0.53 ,Finance
Reynolds,rkingstneim@de.vu,Male,$0.84 ,n/a
Vincenz,vcarlillin@arizona.edu,Male,$7.78 ,Consumer Services
Jolynn,jbazelleio@ed.gov,Female,$0.64 ,Finance
Bronny,blotzeip@mapy.cz,Agender,$5.02 ,Capital Goods
Gray,gcollingiq@themeforest.net,Female,$6.62 ,Capital Goods
Tildy,tbrownhillir@drupal.org,Female,$3.14 ,Capital Goods
Chadwick,clanfranchiis@themeforest.net,Male,$8.92 ,n/a
Maryrose,mboncoeurit@google.pl,Female,$2.73 ,Consumer Services
Mendie,mozeltoniu@kickstarter.com,Male,$5.67 ,n/a
Trace,tfavelliv@wix.com,Male,$2.12 ,Public Utilities
Raina,rcastreeiw@craigslist.org,Female,$6.14 ,Consumer Non-Durables
Genevra,gdossettorix@ask.com,Female,$1.33 ,Basic Industries
Jennica,jegleiy@wufoo.com,Female,$2.40 ,Finance
Lani,ldutnelliz@time.com,Female,$4.57 ,Technology
Dorthea,dhughillj0@archive.org,Non-binary,$2.96 ,n/a
Brad,bfernihoughj1@nps.gov,Male,$5.42 ,n/a
Yuri,yvyej2@squidoo.com,Male,$8.65 ,Basic Industries
Les,lshufflebothamj3@slashdot.org,Male,$6.33 ,n/a
Eugenius,eclowneyj4@utexas.edu,Male,$8.66 ,Consumer Durables
Winni,wshouldersj5@themeforest.net,Female,$0.33 ,n/a
Uri,ugalsworthyj6@stumbleupon.com,Male,$6.45 ,Public Utilities
Catherin,cgidneyj7@timesonline.co.uk,Female,$5.93 ,Health Care
Trudie,tkerbyj8@wikia.com,Female,$9.13 ,Technology
Arlie,aharrinsonj9@ycombinator.com,Female,$2.52 ,Consumer Durables
Lilyan,lgarrieja@bizjournals.com,Female,$7.20 ,Finance
Adler,adepaolijb@4shared.com,Male,$6.09 ,n/a
Ches,csimonsenjc@ibm.com,Male,$8.91 ,n/a
Loreen,lproomjd@kickstarter.com,Female,$3.41 ,n/a
Harald,hdixsonje@gov.uk,Genderfluid,$2.74 ,n/a
Kailey,kmalinsjf@tripod.com,Female,$7.52 ,Technology
Pierette,pkratesjg@ca.gov,Female,$6.39 ,Technology
Andreana,avallensjh@netscape.com,Female,$4.09 ,n/a
Jaine,jweedenburgji@cnet.com,Female,$1.30 ,Health Care
Jard,jjanissonjj@unicef.org,Male,$3.17 ,Finance
Louisa,lrootesjk@nba.com,Female,$1.11 ,n/a
Mikael,mgarrowayjl@plala.or.jp,Male,$1.90 ,n/a
Lynne,lpenkejm@bbc.co.uk,Female,$1.93 ,n/a
Lind,lblodgetjn@vimeo.com,Female,$9.05 ,Public Utilities
Riccardo,rhalliwelljo@goodreads.com,Agender,$3.18 ,Capital Goods
Scot,ssenescalljp@hostgator.com,Male,$6.40 ,Finance
Phebe,phoulaghanjq@china.com.cn,Female,$7.26 ,Consumer Services
Griffith,gbottomleyjr@walmart.com,Agender,$7.62 ,Miscellaneous
Nelie,ndownagejs@nytimes.com,Female,$2.23 ,Health Care
Sue,sperchardjt@cargocollective.com,Female,$5.38 ,Health Care
Andy,amelendezju@blogtalkradio.com,Male,$7.18 ,Consumer Non-Durables
Hetty,hwellumjv@simplemachines.org,Female,$6.38 ,Finance
Darryl,dfarleyjw@livejournal.com,Male,$1.48 ,Transportation
Augustus,amartinhojx@toplist.cz,Genderqueer,$6.78 ,Health Care
Carmine,ckynejy@prnewswire.com,Male,$9.88 ,n/a
Christophorus,cfarrisjz@icio.us,Male,$1.64 ,Basic Industries
Alf,awingatek0@sogou.com,Male,$8.73 ,n/a
Germana,gcoyishk1@list-manage.com,Female,$7.03 ,Finance
Kirk,kskylettk2@sun.com,Male,$8.30 ,Consumer Services
Berty,bjenkk3@naver.com,Male,$3.61 ,n/a
Johnnie,jlessmarek4@people.com.cn,Male,$2.31 ,Consumer Durables
Konstantine,kliversleyk5@cdbaby.com,Male,$0.17 ,Basic Industries
Lucien,ldesaveryk6@desdev.cn,Male,$9.03 ,n/a
Dorey,dellamk7@mac.com,Male,$0.19 ,Consumer Services
Enrique,eramsteadk8@bluehost.com,Male,$9.97 ,Finance
Fanchon,ftennyk9@facebook.com,Female,$4.30 ,n/a
Pansie,pwhicherka@163.com,Female,$9.46 ,Finance
Lance,lbarmekb@seesaa.net,Male,$4.86 ,Capital Goods
Giovanni,gevinskc@bluehost.com,Male,$3.41 ,Finance
Jimmy,jgrainkd@youku.com,Male,$6.67 ,Miscellaneous
Lorianne,ledelheidke@yellowpages.com,Female,$9.39 ,n/a
Marcelo,mmuslakf@narod.ru,Male,$4.14 ,n/a
Addie,acotsfordkg@tiny.cc,Female,$8.81 ,Technology
Kristoffer,kkinsmankh@webnode.com,Male,$2.92 ,Health Care
Renaud,rstrathearnki@nps.gov,Male,$9.84 ,Technology
Wait,wsabatekj@cbsnews.com,Agender,$7.65 ,Capital Goods
Berne,bidneykk@gravatar.com,Male,$1.57 ,Consumer Services
Marnia,mtheurerkl@moonfruit.com,Female,$9.10 ,Finance
Thomasin,thallgarthkm@google.nl,Female,$3.93 ,Finance
Erhard,ewaytkn@soup.io,Male,$7.03 ,Consumer Services
Sloane,staschko@gizmodo.com,Male,$2.25 ,Consumer Services
Marcellina,mbealskp@gravatar.com,Female,$8.84 ,Consumer Non-Durables
Amory,aespinhakq@theatlantic.com,Male,$7.24 ,n/a
Brian,bbusselkr@amazon.de,Male,$6.20 ,Consumer Services
Orella,oyitzhakks@etsy.com,Female,$7.56 ,Basic Industries
Valry,vportwainekt@seattletimes.com,Female,$9.59 ,Finance
Bowie,bisakssonku@cornell.edu,Male,$8.98 ,Finance
Blair,bdavykv@wix.com,Male,$3.47 ,n/a
Xylia,xgabbattkw@admin.ch,Polygender,$4.07 ,Technology
Johannah,jwensleykx@ed.gov,Female,$0.89 ,Consumer Services
Amata,athrasherky@myspace.com,Female,$5.71 ,Capital Goods
Maddalena,msteynorkz@utexas.edu,Female,$6.71 ,n/a
Twyla,tbeumantl0@nyu.edu,Female,$9.05 ,Consumer Non-Durables
Boote,bweldrickl1@wp.com,Male,$3.39 ,Technology
Clemente,ckingscottl2@ted.com,Male,$0.26 ,Consumer Non-Durables
Beitris,btonepohll3@mlb.com,Female,$4.97 ,n/a
Elvin,erobeirol4@spiegel.de,Male,$5.54 ,Technology
Maribeth,mhumesl5@elpais.com,Genderfluid,$0.27 ,Health Care
Boycey,bcominolil6@mediafire.com,Male,$5.41 ,Energy
Mei,msimol7@noaa.gov,Female,$0.50 ,Consumer Services
Anatole,apenderl8@cocolog-nifty.com,Male,$2.11 ,Consumer Services
Sonnie,snoelll9@redcross.org,Female,$2.61 ,Technology
Aldo,adamrellla@yellowbook.com,Male,$6.11 ,Health Care
Brinn,bhaitlielb@sogou.com,Female,$8.64 ,Health Care
Quintina,qruselc@issuu.com,Female,$3.05 ,n/a
Marcus,mceeleyld@biglobe.ne.jp,Male,$6.24 ,Technology
Colan,cboickle@alexa.com,Male,$7.83 ,Basic Industries
Rochell,rscattergoodlf@unesco.org,Female,$8.85 ,Consumer Non-Durables
Harman,hhogbenlg@pbs.org,Male,$2.72 ,Finance
Tammi,tvasquezlh@merriam-webster.com,Female,$1.82 ,Technology
Kippie,khonnieballi@nydailynews.com,Agender,$0.13 ,Consumer Services
Kylie,kwenhamlj@nba.com,Male,$8.51 ,Public Utilities
Tania,tmcenerylk@omniture.com,Female,$5.11 ,Consumer Durables
Cecile,cklainll@comcast.net,Female,$8.85 ,Capital Goods
Flemming,fmaileslm@nature.com,Male,$5.33 ,Technology
Peggie,prosendaleln@arizona.edu,Female,$3.83 ,n/a
Elinore,ewedgelo@house.gov,Female,$9.65 ,Transportation
Beilul,bkenenlp@ed.gov,Agender,$8.67 ,n/a
Kingsly,kskokoelq@ezinearticles.com,Male,$2.54 ,Energy
Hyacinth,hhopferlr@smh.com.au,Female,$0.57 ,Basic Industries
Boy,bchaferls@reuters.com,Non-binary,$1.13 ,Technology
Hew,hbaskettlt@yale.edu,Genderfluid,$9.12 ,n/a
Royall,rsijmonslu@hc360.com,Male,$8.51 ,Consumer Non-Durables
Kane,kdemendozalv@behance.net,Male,$4.61 ,Basic Industries
Baxie,bantraglw@hugedomains.com,Male,$1.53 ,Public Utilities
Kitti,kpetyankinlx@dot.gov,Female,$1.13 ,n/a
Raynell,rvernhamly@e-recht24.de,Female,$3.16 ,n/a
Bartram,bhegellz@wordpress.com,Non-binary,$6.41 ,Consumer Services
Stanfield,sstumpm0@usgs.gov,Male,$2.74 ,n/a
Grenville,glarbym1@lycos.com,Genderqueer,$8.24 ,n/a
Ara,aerlamm2@ed.gov,Male,$1.76 ,n/a
Freemon,fsidebottomm3@naver.com,Male,$8.91 ,Consumer Services
Leonard,lwynem4@cnet.com,Male,$4.91 ,Consumer Services
Antonius,aizardm5@microsoft.com,Male,$9.45 ,n/a
Mattie,mvolkerm6@qq.com,Female,$6.02 ,n/a
Stacia,sbrinklerm7@examiner.com,Female,$8.94 ,Consumer Services
Sarajane,smcnabm8@booking.com,Female,$9.39 ,n/a
Saundra,sburleighm9@tiny.cc,Male,$2.04 ,Technology
Sayre,srighyma@harvard.edu,Female,$5.09 ,Finance
Skippy,smcrobertsmb@mozilla.com,Male,$9.01 ,Public Utilities
Susann,scozensmc@sogou.com,Female,$0.74 ,Health Care
Myrtice,mlehrlemd@hibu.com,Female,$6.42 ,Technology
Moyra,mjerrandme@state.gov,Female,$0.77 ,Finance
Chrystal,cjenckenmf@sbwire.com,Female,$4.14 ,Finance
Josee,jellingworthmg@marriott.com,Female,$8.52 ,Finance
Burton,bviantmh@studiopress.com,Male,$4.43 ,Consumer Services
Filia,fcommuzzomi@angelfire.com,Female,$3.64 ,Finance
Ernst,ecarpemj@nhs.uk,Male,$1.27 ,Capital Goods
Shirline,sduffmk@indiatimes.com,Female,$4.73 ,Technology
Aldus,ahoneyghanml@wix.com,Male,$2.98 ,Consumer Services
Bennie,bwagstaffemm@walmart.com,Female,$9.30 ,Health Care
Dora,dleythleymn@wikipedia.org,Female,$2.35 ,Consumer Services
Garvey,gcrosbiemo@ucla.edu,Male,$6.94 ,Health Care
Gunilla,gmuckartmp@constantcontact.com,Female,$5.79 ,n/a
Reade,rbedellmq@twitpic.com,Male,$9.63 ,Finance
Curtis,cmacadammr@printfriendly.com,Male,$4.83 ,n/a
Jude,jgunsonms@surveymonkey.com,Male,$1.88 ,Technology
Valaree,vblanckleymt@homestead.com,Genderqueer,$5.51 ,Health Care
Elaina,emehewmu@w3.org,Female,$7.14 ,n/a
Ebenezer,emongainmv@netlog.com,Bigender,$0.11 ,Finance
Alisa,astrongitharmmw@purevolume.com,Female,$0.21 ,Basic Industries
Rois,rmaryinmx@techcrunch.com,Female,$5.44 ,Consumer Non-Durables
Titos,ttomaszewiczmy@irs.gov,Male,$3.21 ,Consumer Durables
Laney,lrothermz@timesonline.co.uk,Male,$9.97 ,Consumer Durables
Rossy,rockleshawn0@seesaa.net,Male,$4.73 ,Basic Industries
Leilah,lticen1@ox.ac.uk,Female,$0.40 ,Finance
Pam,penglishbyn2@cafepress.com,Female,$6.31 ,Consumer Services
Nat,nlardiern3@tripod.com,Male,$0.23 ,Health Care
Ara,adinningtonn4@sbwire.com,Female,$3.64 ,Technology
Bonni,breitenbachn5@xinhuanet.com,Female,$2.10 ,n/a
Neddy,nduncansonn6@friendfeed.com,Male,$8.44 ,Consumer Services
Clemmy,cespn7@cisco.com,Female,$2.65 ,Health Care
Brigham,bkensingtonn8@etsy.com,Male,$3.83 ,Consumer Non-Durables
Felicio,fcrosthwaiten9@imdb.com,Male,$9.16 ,Health Care
Christiana,croubertna@techcrunch.com,Female,$0.59 ,Consumer Services
Lydie,ledmondsonnb@marriott.com,Female,$7.19 ,Consumer Services
Theresina,tbarlesnc@geocities.jp,Female,$9.16 ,Technology
Chen,cfinklend@e-recht24.de,Male,$9.06 ,Consumer Services
Howard,hbaggaleyne@tinypic.com,Male,$6.47 ,Technology
Dorine,dobriannf@stanford.edu,Female,$6.05 ,n/a
Melisa,mdourisng@e-recht24.de,Agender,$1.28 ,Technology
Emmy,ecarltonnh@illinois.edu,Female,$3.97 ,n/a
Harv,hwarrackni@google.com.br,Male,$3.80 ,Health Care
Rubia,rrecklessnj@google.cn,Female,$9.44 ,Consumer Services
Gran,gfuchernk@privacy.gov.au,Male,$9.36 ,Technology
Reta,rquartlynl@soundcloud.com,Female,$2.51 ,n/a
Meara,mworthynm@hhs.gov,Female,$0.35 ,n/a
Ynez,yclaguenn@cdbaby.com,Female,$5.45 ,Basic Industries
Mayne,maldrickno@example.com,Male,$0.32 ,Finance
Aksel,aweitzelnp@imageshack.us,Male,$1.69 ,Health Care
Ramona,rcapehornnq@slate.com,Female,$4.32 ,Finance
Edy,ecrittalnr@slashdot.org,Female,$4.17 ,Energy
Del,dgrogonans@angelfire.com,Female,$1.70 ,Consumer Durables
Harriette,hbenboughnt@vk.com,Female,$1.25 ,Energy
Jenilee,jcastagnetnu@state.gov,Female,$0.16 ,Finance
Giselbert,gstonhamnv@t-online.de,Male,$7.04 ,Health Care
Albrecht,aseamarkenw@sakura.ne.jp,Male,$8.56 ,Capital Goods
Jo-anne,jroenx@businesswire.com,Genderqueer,$1.56 ,Finance
Giavani,gramsdaleny@people.com.cn,Male,$2.64 ,Consumer Services
Malena,mgingelnz@state.tx.us,Female,$5.72 ,Health Care
Penelope,porourkeo0@4shared.com,Female,$3.46 ,Technology
Claudie,cscrowsono1@jugem.jp,Female,$6.54 ,n/a
Fairlie,fbrightyo2@usa.gov,Male,$8.42 ,Finance
Fletch,fsquireo3@theglobeandmail.com,Male,$0.45 ,Finance
Corey,cmordeyo4@gov.uk,Female,$0.14 ,Public Utilities
Leandra,leltringhamo5@mashable.com,Female,$1.26 ,n/a
Lynea,lallsoo6@ezinearticles.com,Female,$7.04 ,n/a
Jackie,jlangloiso7@cornell.edu,Female,$3.42 ,Finance
Vilhelmina,vhattoeo8@cdc.gov,Female,$3.30 ,Finance
Deerdre,dhorsteado9@nbcnews.com,Female,$3.27 ,Energy
Milly,mtriponyoa@techcrunch.com,Female,$2.95 ,Transportation
Joleen,jsteblesob@dell.com,Female,$1.32 ,Technology
Misha,msmallacombeoc@yellowpages.com,Female,$1.53 ,Finance
Lenci,lcicconettiod@wired.com,Male,$5.90 ,Consumer Services
Eward,espybyoe@washingtonpost.com,Male,$8.33 ,Finance
Dom,dalcoranof@stumbleupon.com,Male,$2.00 ,Technology
Indira,idavauxog@youtu.be,Female,$5.20 ,Finance
Greta,gcogglesoh@shareasale.com,Female,$4.34 ,Consumer Durables
Flor,ftrustyoi@arizona.edu,Female,$9.48 ,Finance
Lolly,lclagueoj@samsung.com,Female,$7.58 ,Consumer Services
Sidonnie,ssummersideok@virginia.edu,Female,$5.18 ,Health Care
Clark,cleteveol@ycombinator.com,Genderfluid,$2.03 ,Capital Goods
Rodney,rdyteom@auda.org.au,Male,$3.61 ,Consumer Services
Nappy,nfullickon@blogs.com,Male,$3.10 ,Basic Industries
Xymenes,xmacclayoo@nasa.gov,Male,$0.51 ,Consumer Non-Durables
Daniele,dorkneyop@jalbum.net,Female,$0.84 ,Consumer Services
Britni,balbersoq@ask.com,Genderqueer,$3.89 ,Miscellaneous
Edna,echarityor@domainmarket.com,Female,$7.17 ,Finance
Leelah,lelgoodos@sbwire.com,Female,$0.78 ,Consumer Services
Wandis,woakhillot@shinystat.com,Female,$6.92 ,Basic Industries
Timofei,tmoukesou@goodreads.com,Male,$0.36 ,Consumer Services
Marian,mwestbrookov@rediff.com,Female,$2.08 ,Health Care
Rici,rcornellow@google.nl,Female,$5.26 ,Health Care
Inness,iovizeox@fda.gov,Male,$5.99 ,n/a
Moina,mkiddeyoy@thetimes.co.uk,Non-binary,$1.18 ,n/a
Talbot,tverityoz@ebay.co.uk,Male,$1.18 ,Finance
Milicent,mmunslowp0@squidoo.com,Female,$5.20 ,Technology
Frederick,fzealanderp1@examiner.com,Male,$6.30 ,Basic Industries
Eugen,eyakoboviczp2@eepurl.com,Male,$2.23 ,Basic Industries
Basia,bdyep3@apache.org,Female,$7.14 ,Consumer Services
Carroll,cmacrannellp4@parallels.com,Male,$4.28 ,Health Care
Shepperd,speachmentp5@howstuffworks.com,Male,$9.22 ,Health Care
Cathie,cmeaseyp6@ucla.edu,Female,$2.21 ,Miscellaneous
Rebeka,rlangerenp7@biglobe.ne.jp,Genderfluid,$3.21 ,Technology
Darryl,dfannerp8@domainmarket.com,Female,$3.67 ,Consumer Services
Sheree,slatorrep9@sciencedirect.com,Female,$3.50 ,Consumer Services
Wait,wcamellipa@ucoz.ru,Male,$6.59 ,n/a
Grenville,glydiattpb@ehow.com,Genderqueer,$4.52 ,n/a
Estevan,eoflavertypc@ezinearticles.com,Male,$9.59 ,Health Care
Standford,strewarthapd@flickr.com,Male,$3.67 ,Technology
Karita,katleepe@simplemachines.org,Female,$3.60 ,Finance
Tito,tsimondsonpf@hatena.ne.jp,Male,$4.79 ,Technology
Benni,bvillierspg@delicious.com,Female,$5.87 ,Finance
Chere,cjamaryph@amazon.co.jp,Female,$5.60 ,Consumer Services
Kristoffer,kdibiasiopi@clickbank.net,Male,$3.77 ,Technology
Hubert,hsavegepj@themeforest.net,Male,$4.53 ,Consumer Services
Tessi,tpalespk@1688.com,Female,$7.01 ,Consumer Services
Erena,epaulettopl@tamu.edu,Female,$3.68 ,Consumer Services
Damien,dwitherdonpm@nationalgeographic.com,Male,$1.64 ,Energy
Viki,valibonepn@1und1.de,Female,$3.91 ,n/a
Gayler,gdunbarpo@toplist.cz,Male,$7.57 ,Energy
Tom,tchelnampp@sohu.com,Male,$6.24 ,Technology
Cthrine,cmottonpq@g.co,Genderqueer,$6.86 ,n/a
Winn,wstanfordpr@edublogs.org,Male,$2.70 ,Capital Goods
Gusti,gitzkovps@businessinsider.com,Female,$1.74 ,Finance
Vyky,vgyenespt@cdbaby.com,Female,$6.54 ,Energy
Neddy,nsacklerpu@feedburner.com,Male,$9.99 ,Public Utilities
Rivi,rwilloughwaypv@springer.com,Female,$7.62 ,Basic Industries
Hyacinth,halenikovpw@surveymonkey.com,Female,$4.93 ,n/a
Merridie,mpetyakovpx@cnet.com,Female,$3.36 ,Health Care
Reagen,rmarklinpy@stumbleupon.com,Male,$4.34 ,Health Care
Ilaire,ifincherpz@wikipedia.org,Male,$9.95 ,Consumer Durables
Noelle,natkynsq0@soup.io,Female,$6.29 ,n/a
Paquito,pnatalieq1@amazon.co.jp,Male,$5.81 ,n/a
Bernadette,bellinq2@wordpress.com,Female,$0.80 ,Finance
Laurene,llelandq3@cdbaby.com,Female,$6.50 ,Basic Industries
Rosemonde,rmacdunlevyq4@dell.com,Female,$7.40 ,Finance
Noelani,nfawderyq5@bluehost.com,Female,$8.13 ,Consumer Services
Lucita,lellingsq6@dedecms.com,Female,$2.48 ,Consumer Services
Gretna,gganleyq7@intel.com,Female,$0.55 ,Health Care
Hyman,helacoateq8@rakuten.co.jp,Bigender,$4.27 ,Technology
Dorine,dmcginleyq9@slate.com,Female,$2.37 ,Finance
Martita,mroddickqa@arizona.edu,Agender,$7.72 ,Finance
Les,ljerransqb@t.co,Male,$5.52 ,Finance
Adore,agullefordqc@hp.com,Female,$5.63 ,Capital Goods
Ema,erawcliffqd@posterous.com,Polygender,$0.45 ,Health Care
Stanislaus,srenziniqe@wiley.com,Male,$2.40 ,Capital Goods
Zacharie,zemorqf@mysql.com,Male,$6.66 ,Health Care
Althea,asemoradqg@comcast.net,Female,$9.02 ,n/a
Rickie,rorteltqh@tripadvisor.com,Female,$9.43 ,n/a
Katy,krehorqi@bravesites.com,Female,$2.04 ,n/a
Christal,ctrinerqj@blogspot.com,Non-binary,$1.81 ,Finance
Haydon,hstruttonqk@ucoz.com,Polygender,$3.05 ,Basic Industries
Stephen,scobainql@xing.com,Male,$4.19 ,Health Care
Ardelia,anutmanqm@youtu.be,Female,$4.09 ,n/a
Harriet,hritchieqn@soundcloud.com,Female,$9.82 ,n/a
Dulci,djozsikaqo@bandcamp.com,Female,$2.48 ,n/a
Adelle,aoloinnqp@artisteer.com,Female,$2.60 ,Finance
Bond,bdovydenasqq@last.fm,Male,$4.64 ,Miscellaneous
Taylor,tstapelsqr@bbb.org,Male,$6.75 ,Technology
Jennica,jpocklingtonqs@nationalgeographic.com,Female,$5.15 ,n/a
Bethina,berwinqt@ibm.com,Female,$5.38 ,n/a
Kahlil,khedleyqu@wix.com,Male,$0.59 ,Finance
Ingaborg,igouldstoneqv@oakley.com,Female,$5.89 ,n/a
Elisa,ecrinidgeqw@privacy.gov.au,Female,$5.11 ,Technology
Devlen,dduddanqx@nps.gov,Male,$6.37 ,Health Care
Dorise,drichtqy@state.gov,Female,$7.59 ,Technology
Andros,arichingsqz@vkontakte.ru,Male,$4.05 ,Health Care
Lorette,lantonior0@parallels.com,Female,$0.11 ,n/a
Rubie,rbolderor1@comsenz.com,Female,$7.95 ,Energy
Donella,despinar2@fda.gov,Female,$0.40 ,n/a
Rhys,rcrunkhornr3@abc.net.au,Male,$7.20 ,n/a
Channa,cpittendreighr4@earthlink.net,Female,$7.49 ,n/a
Jarret,jbrowettr5@studiopress.com,Male,$3.48 ,Energy
Kristopher,kdoretr6@marriott.com,Male,$4.15 ,Consumer Services
Nyssa,nchallicomber7@statcounter.com,Female,$6.43 ,Energy
Kelwin,ksiegertszr8@independent.co.uk,Male,$9.70 ,Capital Goods
Scotty,sloyr9@facebook.com,Male,$2.92 ,n/a
Ailee,asheardsra@quantcast.com,Female,$6.62 ,Consumer Services
Ephrem,eblakesrb@list-manage.com,Male,$1.91 ,Consumer Services
Myrvyn,mmayorc@rakuten.co.jp,Male,$0.64 ,Consumer Services
Cleo,cellershawrd@state.tx.us,Agender,$7.33 ,Capital Goods
Talbot,tsteffensre@slate.com,Male,$4.24 ,Technology
Pet,pfrancinorf@google.pl,Female,$7.65 ,Health Care
Torie,tlomazrg@unblog.fr,Female,$8.34 ,Consumer Services
Nanete,nbrunellirh@va.gov,Female,$6.63 ,n/a
Ellwood,edalmeidari@cam.ac.uk,Male,$8.52 ,Energy
Alva,afontrj@wsj.com,Male,$9.27 ,Consumer Services
Fields,fpevierk@japanpost.jp,Male,$0.88 ,n/a
Edwin,esneakerrl@pbs.org,Male,$9.71 ,Energy
Odella,ostodhartrm@usgs.gov,Female,$2.51 ,Transportation
Cross,cmcallisterrn@tinyurl.com,Male,$3.98 ,n/a
Amalea,amccuisro@macromedia.com,Female,$7.70 ,Technology
Sandy,snajararp@independent.co.uk,Female,$8.96 ,Basic Industries
Rudolfo,rhuddyrq@mlb.com,Male,$0.84 ,Technology
Titos,twillattrr@phpbb.com,Agender,$0.56 ,Consumer Services
